#{"t_start": 1698067859.8769476, "env_id": "envs/obs-v0"}
r,l,t
-16280.0,377,2.947399
-47981.0,1037,4.531311
-3875.0,123,4.719417
